﻿<?xml version="1.0" encoding="UTF-8"?>
<site generator-info-name="WebGrab+Plus/w MDB &amp; REX Postprocess -- version  V1.57 -- Jan van Straaten" site="dstv.com">
  <channels>
    <channel update="i" site="dstv.com" site_id="c35aaecd-5dd1-480b-ae24-357e600a0e4d##HDT" xmltv_id="M-Net">M-Net</channel>
    <channel update="i" site="dstv.com" site_id="c35aaecd-5dd1-480b-ae24-357e600a0e4d##M11" xmltv_id="M-Net Edge">M-Net Edge</channel>
    <channel update="i" site="dstv.com" site_id="c35aaecd-5dd1-480b-ae24-357e600a0e4d##VAM" xmltv_id="Vuzu AMP">Vuzu AMP</channel>
    <channel update="i" site="dstv.com" site_id="c35aaecd-5dd1-480b-ae24-357e600a0e4d##M1D" xmltv_id="M-Net Movies Premiere">M-Net Movies Premiere</channel>
    <channel update="i" site="dstv.com" site_id="c35aaecd-5dd1-480b-ae24-357e600a0e4d##MCH" xmltv_id="M-Net Movies Smile">M-Net Movies Smile</channel>
    <channel update="i" site="dstv.com" site_id="c35aaecd-5dd1-480b-ae24-357e600a0e4d##MAP" xmltv_id="M-Net Movies Action+">M-Net Movies Action+</channel>
    <channel update="i" site="dstv.com" site_id="c35aaecd-5dd1-480b-ae24-357e600a0e4d##MSH" xmltv_id="M-Net Movies Showcase">M-Net Movies Showcase</channel>
    <channel update="i" site="dstv.com" site_id="c35aaecd-5dd1-480b-ae24-357e600a0e4d##MDH" xmltv_id="M-Net Movies Action">M-Net Movies Action</channel>
    <channel update="i" site="dstv.com" site_id="c35aaecd-5dd1-480b-ae24-357e600a0e4d##S30" xmltv_id="M-Net Movies All Stars">M-Net Movies All Stars</channel>
    <channel update="i" site="dstv.com" site_id="c35aaecd-5dd1-480b-ae24-357e600a0e4d##SUH" xmltv_id="Studio Universal">Studio Universal</channel>
    <channel update="i" site="dstv.com" site_id="c35aaecd-5dd1-480b-ae24-357e600a0e4d##MFH" xmltv_id="M-Net City">M-Net City</channel>
    <channel update="i" site="dstv.com" site_id="c35aaecd-5dd1-480b-ae24-357e600a0e4d##V30" xmltv_id="Vuzu">Vuzu</channel>
    <channel update="i" site="dstv.com" site_id="c35aaecd-5dd1-480b-ae24-357e600a0e4d##UHD" xmltv_id="Universal Channel">Universal Channel</channel>
    <channel update="i" site="dstv.com" site_id="c35aaecd-5dd1-480b-ae24-357e600a0e4d##TEL" xmltv_id="Telemundo">Telemundo</channel>
    <channel update="i" site="dstv.com" site_id="c35aaecd-5dd1-480b-ae24-357e600a0e4d##B23" xmltv_id="BBC First">BBC First</channel>
    <channel update="i" site="dstv.com" site_id="c35aaecd-5dd1-480b-ae24-357e600a0e4d##BBE" xmltv_id="BBC Brit">BBC Brit</channel>
    <channel update="i" site="dstv.com" site_id="c35aaecd-5dd1-480b-ae24-357e600a0e4d##DHD" xmltv_id="Discovery Channel">Discovery Channel</channel>
    <channel update="i" site="dstv.com" site_id="c35aaecd-5dd1-480b-ae24-357e600a0e4d##CC7" xmltv_id="Comedy Central">Comedy Central</channel>
    <channel update="i" site="dstv.com" site_id="c35aaecd-5dd1-480b-ae24-357e600a0e4d##ITH" xmltv_id="ITV Choice">ITV Choice</channel>
    <channel update="i" site="dstv.com" site_id="c35aaecd-5dd1-480b-ae24-357e600a0e4d##ENT" xmltv_id="E! Entertainment Television">E! Entertainment Television</channel>
    <channel update="i" site="dstv.com" site_id="c35aaecd-5dd1-480b-ae24-357e600a0e4d##FHD" xmltv_id="FOX">FOX</channel>
    <channel update="i" site="dstv.com" site_id="c35aaecd-5dd1-480b-ae24-357e600a0e4d##FOC" xmltv_id="FOX Life">FOX Life</channel>
    <channel update="i" site="dstv.com" site_id="c35aaecd-5dd1-480b-ae24-357e600a0e4d##SEK" xmltv_id="SONY">SONY</channel>
    <channel update="i" site="dstv.com" site_id="c35aaecd-5dd1-480b-ae24-357e600a0e4d##SMX" xmltv_id="SONY MAX">SONY MAX</channel>
    <channel update="i" site="dstv.com" site_id="c35aaecd-5dd1-480b-ae24-357e600a0e4d##BE2" xmltv_id="BET">BET</channel>
    <channel update="i" site="dstv.com" site_id="c35aaecd-5dd1-480b-ae24-357e600a0e4d##MTV" xmltv_id="MTV">MTV</channel>
    <channel update="i" site="dstv.com" site_id="c35aaecd-5dd1-480b-ae24-357e600a0e4d##LTE" xmltv_id="Lifetime">Lifetime</channel>
    <channel update="i" site="dstv.com" site_id="c35aaecd-5dd1-480b-ae24-357e600a0e4d##RTK" xmltv_id="CBS Reality">CBS Reality</channel>
    <channel update="i" site="dstv.com" site_id="c35aaecd-5dd1-480b-ae24-357e600a0e4d##DLC" xmltv_id="TLC Entertainment">TLC Entertainment</channel>
    <channel update="i" site="dstv.com" site_id="c35aaecd-5dd1-480b-ae24-357e600a0e4d##DIW" xmltv_id="Discovery Family">Discovery Family</channel>
    <channel update="i" site="dstv.com" site_id="c35aaecd-5dd1-480b-ae24-357e600a0e4d##TC8" xmltv_id="TCM">TCM</channel>
    <channel update="i" site="dstv.com" site_id="c35aaecd-5dd1-480b-ae24-357e600a0e4d##MMZ" xmltv_id="M-Net Movies Zone">M-Net Movies Zone</channel>
    <channel update="i" site="dstv.com" site_id="c35aaecd-5dd1-480b-ae24-357e600a0e4d##EV1" xmltv_id="EVA English">EVA English</channel>
    <channel update="i" site="dstv.com" site_id="c35aaecd-5dd1-480b-ae24-357e600a0e4d##KHD" xmltv_id="kykNET">kykNET</channel>
    <channel update="i" site="dstv.com" site_id="c35aaecd-5dd1-480b-ae24-357e600a0e4d##K30" xmltv_id="kykNET &amp; Kie">kykNET &amp; Kie</channel>
    <channel update="i" site="dstv.com" site_id="c35aaecd-5dd1-480b-ae24-357e600a0e4d##KNM" xmltv_id="KykNET Nou!">KykNET Nou!</channel>
    <channel update="i" site="dstv.com" site_id="c35aaecd-5dd1-480b-ae24-357e600a0e4d##VHD" xmltv_id="VIA">VIA</channel>
    <channel update="i" site="dstv.com" site_id="c35aaecd-5dd1-480b-ae24-357e600a0e4d##IA9" xmltv_id="AfricaMagic Epic">AfricaMagic Epic</channel>
    <channel update="i" site="dstv.com" site_id="c35aaecd-5dd1-480b-ae24-357e600a0e4d##AMM" xmltv_id="Africa Magic Urban">Africa Magic Urban</channel>
    <channel update="i" site="dstv.com" site_id="c35aaecd-5dd1-480b-ae24-357e600a0e4d##AFM" xmltv_id="Africa Magic Family">Africa Magic Family</channel>
    <channel update="i" site="dstv.com" site_id="c35aaecd-5dd1-480b-ae24-357e600a0e4d##WAM" xmltv_id="AfricaMagic World">AfricaMagic World</channel>
    <channel update="i" site="dstv.com" site_id="c35aaecd-5dd1-480b-ae24-357e600a0e4d##SA4" xmltv_id="SABC Encore">SABC Encore</channel>
    <channel update="i" site="dstv.com" site_id="c35aaecd-5dd1-480b-ae24-357e600a0e4d##MZI" xmltv_id="Mzansi Magic">Mzansi Magic</channel>
    <channel update="i" site="dstv.com" site_id="c35aaecd-5dd1-480b-ae24-357e600a0e4d##M30" xmltv_id="M-Net Family">M-Net Family</channel>
    <channel update="i" site="dstv.com" site_id="c35aaecd-5dd1-480b-ae24-357e600a0e4d##W30" xmltv_id="Mzansi Wethu">Mzansi Wethu</channel>
    <channel update="i" site="dstv.com" site_id="c35aaecd-5dd1-480b-ae24-357e600a0e4d##MZB" xmltv_id="Mzansi Bioskop">Mzansi Bioskop</channel>
    <channel update="i" site="dstv.com" site_id="c35aaecd-5dd1-480b-ae24-357e600a0e4d##EBL" xmltv_id="Ebony Life TV">Ebony Life TV</channel>
    <channel update="i" site="dstv.com" site_id="c35aaecd-5dd1-480b-ae24-357e600a0e4d##ZEW" xmltv_id="Zee World">Zee World</channel>
    <channel update="i" site="dstv.com" site_id="c35aaecd-5dd1-480b-ae24-357e600a0e4d##GLT" xmltv_id="Glow TV">Glow TV</channel>
    <channel update="i" site="dstv.com" site_id="c35aaecd-5dd1-480b-ae24-357e600a0e4d##19K" xmltv_id="ROK">ROK</channel>
    <channel update="i" site="dstv.com" site_id="c35aaecd-5dd1-480b-ae24-357e600a0e4d##I26" xmltv_id="Crime + Investigation">Crime + Investigation</channel>
    <channel update="i" site="dstv.com" site_id="c35aaecd-5dd1-480b-ae24-357e600a0e4d##DID" xmltv_id="Discovery IDx">Discovery IDx</channel>
    <channel update="i" site="dstv.com" site_id="c35aaecd-5dd1-480b-ae24-357e600a0e4d##BBL" xmltv_id="BBC Lifestyle">BBC Lifestyle</channel>
    <channel update="i" site="dstv.com" site_id="c35aaecd-5dd1-480b-ae24-357e600a0e4d##F26" xmltv_id="Food Network">Food Network</channel>
    <channel update="i" site="dstv.com" site_id="c35aaecd-5dd1-480b-ae24-357e600a0e4d##HCH" xmltv_id="The Home Channel">The Home Channel</channel>
    <channel update="i" site="dstv.com" site_id="c35aaecd-5dd1-480b-ae24-357e600a0e4d##FTV" xmltv_id="Fashion One">Fashion One</channel>
    <channel update="i" site="dstv.com" site_id="c35aaecd-5dd1-480b-ae24-357e600a0e4d##TRV" xmltv_id="Travel Channel">Travel Channel</channel>
    <channel update="i" site="dstv.com" site_id="c35aaecd-5dd1-480b-ae24-357e600a0e4d##WEA" xmltv_id="People’s Weather">People’s Weather</channel>
    <channel update="i" site="dstv.com" site_id="c35aaecd-5dd1-480b-ae24-357e600a0e4d##NA8" xmltv_id="National Geographic">National Geographic</channel>
    <channel update="i" site="dstv.com" site_id="c35aaecd-5dd1-480b-ae24-357e600a0e4d##NGW" xmltv_id="Nat Geo Wild">Nat Geo Wild</channel>
    <channel update="i" site="dstv.com" site_id="c35aaecd-5dd1-480b-ae24-357e600a0e4d##ANK" xmltv_id="Animal Planet">Animal Planet</channel>
    <channel update="i" site="dstv.com" site_id="c35aaecd-5dd1-480b-ae24-357e600a0e4d##ETH" xmltv_id="BBC Earth">BBC Earth</channel>
    <channel update="i" site="dstv.com" site_id="c35aaecd-5dd1-480b-ae24-357e600a0e4d##H23" xmltv_id="HISTORY">HISTORY</channel>
    <channel update="i" site="dstv.com" site_id="c35aaecd-5dd1-480b-ae24-357e600a0e4d##ITV" xmltv_id="Ignition">Ignition</channel>
    <channel update="i" site="dstv.com" site_id="c35aaecd-5dd1-480b-ae24-357e600a0e4d##SA1" xmltv_id="SABC 1">SABC 1</channel>
    <channel update="i" site="dstv.com" site_id="c35aaecd-5dd1-480b-ae24-357e600a0e4d##SA2" xmltv_id="SABC 2">SABC 2</channel>
    <channel update="i" site="dstv.com" site_id="c35aaecd-5dd1-480b-ae24-357e600a0e4d##SPI" xmltv_id="Spice TV">Spice TV</channel>
    <channel update="i" site="dstv.com" site_id="c35aaecd-5dd1-480b-ae24-357e600a0e4d##SA3" xmltv_id="SABC 3">SABC 3</channel>
    <channel update="i" site="dstv.com" site_id="c35aaecd-5dd1-480b-ae24-357e600a0e4d##HDE" xmltv_id="e.tv HD">e.tv HD</channel>
    <channel update="i" site="dstv.com" site_id="c35aaecd-5dd1-480b-ae24-357e600a0e4d##B24" xmltv_id="DStv Explora Tutorials">DStv Explora Tutorials</channel>
    <channel update="i" site="dstv.com" site_id="c35aaecd-5dd1-480b-ae24-357e600a0e4d##HSI" xmltv_id="fliekNET">fliekNET</channel>
    <channel update="i" site="dstv.com" site_id="c35aaecd-5dd1-480b-ae24-357e600a0e4d##SO1" xmltv_id="SuperSport Blitz">SuperSport Blitz</channel>
    <channel update="i" site="dstv.com" site_id="c35aaecd-5dd1-480b-ae24-357e600a0e4d##SSH" xmltv_id="SuperSport 1">SuperSport 1</channel>
    <channel update="i" site="dstv.com" site_id="c35aaecd-5dd1-480b-ae24-357e600a0e4d##SH2" xmltv_id="SuperSport 2">SuperSport 2</channel>
    <channel update="i" site="dstv.com" site_id="c35aaecd-5dd1-480b-ae24-357e600a0e4d##TS2" xmltv_id="SuperSport 3">SuperSport 3</channel>
    <channel update="i" site="dstv.com" site_id="c35aaecd-5dd1-480b-ae24-357e600a0e4d##SH4" xmltv_id="SuperSport 4">SuperSport 4</channel>
    <channel update="i" site="dstv.com" site_id="c35aaecd-5dd1-480b-ae24-357e600a0e4d##HD5" xmltv_id="SuperSport 5">SuperSport 5</channel>
    <channel update="i" site="dstv.com" site_id="c35aaecd-5dd1-480b-ae24-357e600a0e4d##HD6" xmltv_id="SuperSport 6">SuperSport 6</channel>
    <channel update="i" site="dstv.com" site_id="c35aaecd-5dd1-480b-ae24-357e600a0e4d##HD7" xmltv_id="SuperSport 7">SuperSport 7</channel>
    <channel update="i" site="dstv.com" site_id="c35aaecd-5dd1-480b-ae24-357e600a0e4d##SS8" xmltv_id="SuperSport 8">SuperSport 8</channel>
    <channel update="i" site="dstv.com" site_id="c35aaecd-5dd1-480b-ae24-357e600a0e4d##SSS" xmltv_id="SuperSport 9">SuperSport 9</channel>
    <channel update="i" site="dstv.com" site_id="c35aaecd-5dd1-480b-ae24-357e600a0e4d##SSV" xmltv_id="SuperSport Select">SuperSport Select</channel>
    <channel update="i" site="dstv.com" site_id="c35aaecd-5dd1-480b-ae24-357e600a0e4d##A12" xmltv_id="SuperSport 12">SuperSport 12</channel>
    <channel update="i" site="dstv.com" site_id="c35aaecd-5dd1-480b-ae24-357e600a0e4d##SO5" xmltv_id="SuperSport MáXimo 1 HD">SuperSport MáXimo 1 HD</channel>
    <channel update="i" site="dstv.com" site_id="c35aaecd-5dd1-480b-ae24-357e600a0e4d##IGN" xmltv_id="TellyTrack">TellyTrack</channel>
    <channel update="i" site="dstv.com" site_id="c35aaecd-5dd1-480b-ae24-357e600a0e4d##STV" xmltv_id="Soweto TV">Soweto TV</channel>
    <channel update="i" site="dstv.com" site_id="c35aaecd-5dd1-480b-ae24-357e600a0e4d##TVB" xmltv_id="Bay TV">Bay TV</channel>
    <channel update="i" site="dstv.com" site_id="c35aaecd-5dd1-480b-ae24-357e600a0e4d##1KZ" xmltv_id="1 KZN">1 KZN</channel>
    <channel update="i" site="dstv.com" site_id="c35aaecd-5dd1-480b-ae24-357e600a0e4d##TSH" xmltv_id="Tshwane TV">Tshwane TV</channel>
    <channel update="i" site="dstv.com" site_id="c35aaecd-5dd1-480b-ae24-357e600a0e4d##CTV" xmltv_id="Cape Town TV">Cape Town TV</channel>
    <channel update="i" site="dstv.com" site_id="c35aaecd-5dd1-480b-ae24-357e600a0e4d##GAU" xmltv_id="GauTV">GauTV</channel>
    <channel update="i" site="dstv.com" site_id="c35aaecd-5dd1-480b-ae24-357e600a0e4d##LTV" xmltv_id="Lesotho TV">Lesotho TV</channel>
    <channel update="i" site="dstv.com" site_id="c35aaecd-5dd1-480b-ae24-357e600a0e4d##CAR" xmltv_id="Cartoon Network">Cartoon Network</channel>
    <channel update="i" site="dstv.com" site_id="c35aaecd-5dd1-480b-ae24-357e600a0e4d##CEE" xmltv_id="Boomerang">Boomerang</channel>
    <channel update="i" site="dstv.com" site_id="c35aaecd-5dd1-480b-ae24-357e600a0e4d##SO8" xmltv_id="Disney Channel">Disney Channel</channel>
    <channel update="i" site="dstv.com" site_id="c35aaecd-5dd1-480b-ae24-357e600a0e4d##DXD" xmltv_id="Disney XD">Disney XD</channel>
    <channel update="i" site="dstv.com" site_id="c35aaecd-5dd1-480b-ae24-357e600a0e4d##NIK" xmltv_id="Nickelodeon">Nickelodeon</channel>
    <channel update="i" site="dstv.com" site_id="c35aaecd-5dd1-480b-ae24-357e600a0e4d##CBB" xmltv_id="Cbeebies">Cbeebies</channel>
    <channel update="i" site="dstv.com" site_id="c35aaecd-5dd1-480b-ae24-357e600a0e4d##NJR" xmltv_id="Nick Jr">Nick Jr</channel>
    <channel update="i" site="dstv.com" site_id="c35aaecd-5dd1-480b-ae24-357e600a0e4d##NTO" xmltv_id="NickTOONS">NickTOONS</channel>
    <channel update="i" site="dstv.com" site_id="c35aaecd-5dd1-480b-ae24-357e600a0e4d##DPH" xmltv_id="Disney Junior">Disney Junior</channel>
    <channel update="i" site="dstv.com" site_id="c35aaecd-5dd1-480b-ae24-357e600a0e4d##JJM" xmltv_id="JimJam">JimJam</channel>
    <channel update="i" site="dstv.com" site_id="c35aaecd-5dd1-480b-ae24-357e600a0e4d##E11" xmltv_id="Mindset">Mindset</channel>
    <channel update="i" site="dstv.com" site_id="c35aaecd-5dd1-480b-ae24-357e600a0e4d##CHO" xmltv_id="Channel O">Channel O</channel>
    <channel update="i" site="dstv.com" site_id="c35aaecd-5dd1-480b-ae24-357e600a0e4d##MZM" xmltv_id="Mzansi Magic Music">Mzansi Magic Music</channel>
    <channel update="i" site="dstv.com" site_id="c35aaecd-5dd1-480b-ae24-357e600a0e4d##CSN" xmltv_id="MTV Base">MTV Base</channel>
    <channel update="i" site="dstv.com" site_id="c35aaecd-5dd1-480b-ae24-357e600a0e4d##VH8" xmltv_id="VH1 Classic">VH1 Classic</channel>
    <channel update="i" site="dstv.com" site_id="c35aaecd-5dd1-480b-ae24-357e600a0e4d##TTV" xmltv_id="TRACE Urban">TRACE Urban</channel>
    <channel update="i" site="dstv.com" site_id="c35aaecd-5dd1-480b-ae24-357e600a0e4d##8GT" xmltv_id="TRACE Africa">TRACE Africa</channel>
    <channel update="i" site="dstv.com" site_id="c35aaecd-5dd1-480b-ae24-357e600a0e4d##MM2" xmltv_id="SOUNDCITY">SOUNDCITY</channel>
    <channel update="i" site="dstv.com" site_id="c35aaecd-5dd1-480b-ae24-357e600a0e4d##GOS" xmltv_id="One Gospel">One Gospel</channel>
    <channel update="i" site="dstv.com" site_id="c35aaecd-5dd1-480b-ae24-357e600a0e4d##DUM" xmltv_id="Dumisa">Dumisa</channel>
    <channel update="i" site="dstv.com" site_id="c35aaecd-5dd1-480b-ae24-357e600a0e4d##TBK" xmltv_id="FAITH">FAITH</channel>
    <channel update="i" site="dstv.com" site_id="c35aaecd-5dd1-480b-ae24-357e600a0e4d##TB1" xmltv_id="TBN">TBN</channel>
    <channel update="i" site="dstv.com" site_id="c35aaecd-5dd1-480b-ae24-357e600a0e4d##IST" xmltv_id="iTV">iTV</channel>
    <channel update="i" site="dstv.com" site_id="c35aaecd-5dd1-480b-ae24-357e600a0e4d##EMM" xmltv_id="Emmanuel TV">Emmanuel TV</channel>
    <channel update="i" site="dstv.com" site_id="c35aaecd-5dd1-480b-ae24-357e600a0e4d##BB8" xmltv_id="BBC World News">BBC World News</channel>
    <channel update="i" site="dstv.com" site_id="c35aaecd-5dd1-480b-ae24-357e600a0e4d##CND" xmltv_id="CNN International">CNN International</channel>
    <channel update="i" site="dstv.com" site_id="c35aaecd-5dd1-480b-ae24-357e600a0e4d##SKY" xmltv_id="Sky News">Sky News</channel>
    <channel update="i" site="dstv.com" site_id="c35aaecd-5dd1-480b-ae24-357e600a0e4d##HD2" xmltv_id="eNews Channel Africa">eNews Channel Africa</channel>
    <channel update="i" site="dstv.com" site_id="c35aaecd-5dd1-480b-ae24-357e600a0e4d##SAN" xmltv_id="SABC News">SABC News</channel>
    <channel update="i" site="dstv.com" site_id="c35aaecd-5dd1-480b-ae24-357e600a0e4d##INM" xmltv_id="ANN7">ANN7</channel>
    <channel update="i" site="dstv.com" site_id="c35aaecd-5dd1-480b-ae24-357e600a0e4d##ALJ" xmltv_id="Al Jazeera">Al Jazeera</channel>
    <channel update="i" site="dstv.com" site_id="c35aaecd-5dd1-480b-ae24-357e600a0e4d##EVE" xmltv_id="Russia Today">Russia Today</channel>
    <channel update="i" site="dstv.com" site_id="c35aaecd-5dd1-480b-ae24-357e600a0e4d##PAR" xmltv_id="Parliamentary Service">Parliamentary Service</channel>
    <channel update="i" site="dstv.com" site_id="c35aaecd-5dd1-480b-ae24-357e600a0e4d##CC9" xmltv_id="CCTV News">CCTV News</channel>
    <channel update="i" site="dstv.com" site_id="c35aaecd-5dd1-480b-ae24-357e600a0e4d##CN8" xmltv_id="CNBC Africa">CNBC Africa</channel>
    <channel update="i" site="dstv.com" site_id="c35aaecd-5dd1-480b-ae24-357e600a0e4d##BLO" xmltv_id="Bloomberg">Bloomberg</channel>
    <channel update="i" site="dstv.com" site_id="c35aaecd-5dd1-480b-ae24-357e600a0e4d##ABC" xmltv_id="Business Day TV">Business Day TV</channel>
    <channel update="i" site="dstv.com" site_id="c35aaecd-5dd1-480b-ae24-357e600a0e4d##DEE" xmltv_id="NDTV247">NDTV247</channel>
    <channel update="i" site="dstv.com" site_id="c35aaecd-5dd1-480b-ae24-357e600a0e4d##RAI" xmltv_id="RAI Italia">RAI Italia</channel>
    <channel update="i" site="dstv.com" site_id="c35aaecd-5dd1-480b-ae24-357e600a0e4d##BVN" xmltv_id="BVN">BVN</channel>
    <channel update="i" site="dstv.com" site_id="c35aaecd-5dd1-480b-ae24-357e600a0e4d##TVK" xmltv_id="TV5 Monde Afrique">TV5 Monde Afrique</channel>
    <channel update="i" site="dstv.com" site_id="c35aaecd-5dd1-480b-ae24-357e600a0e4d##DW4" xmltv_id="Deutsche Welle">Deutsche Welle</channel>
    <channel update="i" site="dstv.com" site_id="c35aaecd-5dd1-480b-ae24-357e600a0e4d##SHO" xmltv_id="CCTV 4">CCTV 4</channel>
    <channel update="i" site="dstv.com" site_id="c35aaecd-5dd1-480b-ae24-357e600a0e4d##RTP" xmltv_id="RTP Internacional">RTP Internacional</channel>
    <channel update="i" site="dstv.com" site_id="c35aaecd-5dd1-480b-ae24-357e600a0e4d##MN1" xmltv_id="M-Net Plus 1">M-Net Plus 1</channel>
  </channels>
</site>