﻿<?xml version="1.0" encoding="UTF-8"?>
<site generator-info-name="WebGrab+Plus/w MDB &amp; REX Postprocess -- version V1.56.23 -- Jan van Straaten" site="gononda.com">
  <channels>
    <channel update="i" site="gononda.com" site_id="101" xmltv_id="M-Net">M-Net</channel>
    <channel update="i" site="gononda.com" site_id="102" xmltv_id="M-Net Edge">M-Net Edge</channel>
    <channel update="i" site="gononda.com" site_id="103" xmltv_id="M-Net Movies Premiere">M-Net Movies Premiere</channel>
    <channel update="i" site="gononda.com" site_id="104" xmltv_id="M-Net Movies Comedy">M-Net Movies Comedy</channel>
    <channel update="i" site="gononda.com" site_id="105" xmltv_id="M-Net Movies Family">M-Net Movies Family</channel>
    <channel update="i" site="gononda.com" site_id="106" xmltv_id="M-Net Movies Action+">M-Net Movies Action+</channel>
    <channel update="i" site="gononda.com" site_id="107" xmltv_id="M-Net Movies Drama &amp; Romance">M-Net Movies Drama &amp; Romance</channel>
    <channel update="i" site="gononda.com" site_id="108" xmltv_id="M-Net Movies Showcase">M-Net Movies Showcase</channel>
    <channel update="i" site="gononda.com" site_id="110" xmltv_id="M-Net Movies Action">M-Net Movies Action</channel>
    <channel update="i" site="gononda.com" site_id="111" xmltv_id="M-Net Movies Stars">M-Net Movies Stars</channel>
    <channel update="i" site="gononda.com" site_id="112" xmltv_id="Studio Universal">Studio Universal</channel>
    <channel update="i" site="gononda.com" site_id="114" xmltv_id="Vuzu Amp">Vuzu Amp</channel>
    <channel update="i" site="gononda.com" site_id="115" xmltv_id="M-Net City">M-Net City</channel>
    <channel update="i" site="gononda.com" site_id="116" xmltv_id="Vuzu">Vuzu</channel>
    <channel update="i" site="gononda.com" site_id="117" xmltv_id="Universal Channel">Universal Channel</channel>
    <channel update="i" site="gononda.com" site_id="120" xmltv_id="BBC Entertainment">BBC Entertainment</channel>
    <channel update="i" site="gononda.com" site_id="121" xmltv_id="Discovery Channel">Discovery Channel</channel>
    <channel update="i" site="gononda.com" site_id="122" xmltv_id="Comedy Central">Comedy Central</channel>
    <channel update="i" site="gononda.com" site_id="124" xmltv_id="E! Entertainment Television">E! Entertainment Television</channel>
    <channel update="i" site="gononda.com" site_id="125" xmltv_id="FOX">FOX</channel>
    <channel update="i" site="gononda.com" site_id="126" xmltv_id="FOX Crime">FOX Crime</channel>
    <channel update="i" site="gononda.com" site_id="127" xmltv_id="SONY">SONY</channel>
    <channel update="i" site="gononda.com" site_id="128" xmltv_id="SONY MAX">SONY MAX</channel>
    <channel update="i" site="gononda.com" site_id="130" xmltv_id="MTV">MTV</channel>
    <channel update="i" site="gononda.com" site_id="131" xmltv_id="Lifetime">Lifetime</channel>
    <channel update="i" site="gononda.com" site_id="132" xmltv_id="CBS Reality">CBS Reality</channel>
    <channel update="i" site="gononda.com" site_id="133" xmltv_id="CBS Action">CBS Action</channel>
    <channel update="i" site="gononda.com" site_id="134" xmltv_id="CBS Drama">CBS Drama</channel>
    <channel update="i" site="gononda.com" site_id="137" xmltv_id="Turner Classic Movies">Turner Classic Movies</channel>
    <channel update="i" site="gononda.com" site_id="138" xmltv_id="True Movies 1">True Movies 1</channel>
    <channel update="i" site="gononda.com" site_id="139" xmltv_id="M-Net Movies Zone">M-Net Movies Zone</channel>
    <channel update="i" site="gononda.com" site_id="140" xmltv_id="AMC">AMC</channel>
    <channel update="i" site="gononda.com" site_id="144" xmltv_id="kykNET">kykNET</channel>
    <channel update="i" site="gononda.com" site_id="145" xmltv_id="kykNET &amp; Kie">kykNET &amp; Kie</channel>
    <channel update="i" site="gononda.com" site_id="156" xmltv_id="SABC Encore">SABC Encore</channel>
    <channel update="i" site="gononda.com" site_id="161" xmltv_id="Mzansi Magic">Mzansi Magic</channel>
    <channel update="i" site="gononda.com" site_id="162" xmltv_id="Magic World">Magic World</channel>
    <channel update="i" site="gononda.com" site_id="170" xmltv_id="Crime + Investigation">Crime + Investigation</channel>
    <channel update="i" site="gononda.com" site_id="171" xmltv_id="Discovery ID">Discovery ID</channel>
    <channel update="i" site="gononda.com" site_id="172" xmltv_id="Discovery TLC">Discovery TLC</channel>
    <channel update="i" site="gononda.com" site_id="174" xmltv_id="BBC Lifestyle">BBC Lifestyle</channel>
    <channel update="i" site="gononda.com" site_id="175" xmltv_id="Food Network">Food Network</channel>
    <channel update="i" site="gononda.com" site_id="176" xmltv_id="The Home Channel">The Home Channel</channel>
    <channel update="i" site="gononda.com" site_id="179" xmltv_id="Travel Channel">Travel Channel</channel>
    <channel update="i" site="gononda.com" site_id="181" xmltv_id="National Geographic">National Geographic</channel>
    <channel update="i" site="gononda.com" site_id="182" xmltv_id="Nat Geo Wild">Nat Geo Wild</channel>
    <channel update="i" site="gononda.com" site_id="183" xmltv_id="Animal Planet">Animal Planet</channel>
    <channel update="i" site="gononda.com" site_id="184" xmltv_id="BBC Knowledge">BBC Knowledge</channel>
    <channel update="i" site="gononda.com" site_id="186" xmltv_id="HISTORY">HISTORY</channel>
    <channel update="i" site="gononda.com" site_id="187" xmltv_id="Discovery World">Discovery World</channel>
    <channel update="i" site="gononda.com" site_id="188" xmltv_id="TRACE Sports Stars">TRACE Sports Stars</channel>
    <channel update="i" site="gononda.com" site_id="190" xmltv_id="ED">ED</channel>
    <channel update="i" site="gononda.com" site_id="191" xmltv_id="SABC 1">SABC 1</channel>
    <channel update="i" site="gononda.com" site_id="192" xmltv_id="SABC 2">SABC 2</channel>
    <channel update="i" site="gononda.com" site_id="193" xmltv_id="SABC 3">SABC 3</channel>
    <channel update="i" site="gononda.com" site_id="194" xmltv_id="e.tv">e.tv</channel>
    <channel update="i" site="gononda.com" site_id="201" xmltv_id="SuperSport 1">SuperSport 1</channel>
    <channel update="i" site="gononda.com" site_id="202" xmltv_id="SuperSport 2">SuperSport 2</channel>
    <channel update="i" site="gononda.com" site_id="203" xmltv_id="SuperSport 3">SuperSport 3</channel>
    <channel update="i" site="gononda.com" site_id="204" xmltv_id="SuperSport 4">SuperSport 4</channel>
    <channel update="i" site="gononda.com" site_id="205" xmltv_id="SuperSport 5">SuperSport 5</channel>
    <channel update="i" site="gononda.com" site_id="206" xmltv_id="SuperSport 6">SuperSport 6</channel>
    <channel update="i" site="gononda.com" site_id="207" xmltv_id="SuperSport 7">SuperSport 7</channel>
    <channel update="i" site="gononda.com" site_id="208" xmltv_id="SuperSport 8">SuperSport 8</channel>
    <channel update="i" site="gononda.com" site_id="209" xmltv_id="SuperSport 9">SuperSport 9</channel>
    <channel update="i" site="gononda.com" site_id="210" xmltv_id="SuperSport Select">SuperSport Select</channel>
    <channel update="i" site="gononda.com" site_id="301" xmltv_id="Cartoon Network">Cartoon Network</channel>
    <channel update="i" site="gononda.com" site_id="302" xmltv_id="Boomerang">Boomerang</channel>
    <channel update="i" site="gononda.com" site_id="303" xmltv_id="Disney Channel">Disney Channel</channel>
    <channel update="i" site="gononda.com" site_id="305" xmltv_id="Nickelodeon">Nickelodeon</channel>
    <channel update="i" site="gononda.com" site_id="323" xmltv_id="VH1 Classic">VH1 Classic</channel>
    <channel update="i" site="gononda.com" site_id="341" xmltv_id="FAITH">FAITH</channel>
    <channel update="i" site="gononda.com" site_id="401" xmltv_id="CNN International">CNN International</channel>
    <channel update="i" site="gononda.com" site_id="410" xmltv_id="CNBC Africa">CNBC Africa</channel>
    <channel update="i" site="gononda.com" site_id="411" xmltv_id="Bloomberg">Bloomberg</channel>
    <channel update="i" site="gononda.com" site_id="431" xmltv_id="BVN">BVN</channel>
    <channel update="i" site="gononda.com" site_id="437" xmltv_id="TV5 Monde Afrique">TV5 Monde Afrique</channel>
  </channels>
</site>