﻿<?xml version="1.0" encoding="UTF-8"?>
<site generator-info-name="WebGrab+Plus/w MDB &amp; REX Postprocess -- version  V1.57 -- Jan van Straaten" site="m.dstv.com">
  <channels>
    <channel update="i" site="m.dstv.com" site_id="f2dd3961-450b-4328-acd2-9dad64f1107f" xmltv_id="110 M-Net Movies Action">110 M-Net Movies Action</channel>
    <channel update="i" site="m.dstv.com" site_id="1699cd01-cebe-4f7f-836e-971ec34dbd62" xmltv_id="111 M-Net Movies All Stars">111 M-Net Movies All Stars</channel>
    <channel update="i" site="m.dstv.com" site_id="6975a820-fd26-4af1-87f6-2de70f5d76a3" xmltv_id="112 Studio Universal">112 Studio Universal</channel>
    <channel update="i" site="m.dstv.com" site_id="e92fa1c7-79b5-4bbc-a276-0522f73b06ec" xmltv_id="115 M-Net City">115 M-Net City</channel>
    <channel update="i" site="m.dstv.com" site_id="36d68fa7-c585-4bef-9302-53479012702c" xmltv_id="116 Vuzu">116 Vuzu</channel>
    <channel update="i" site="m.dstv.com" site_id="6d11af4a-5c31-407c-90d1-e0468b8f625b" xmltv_id="117 Universal Channel">117 Universal Channel</channel>
    <channel update="i" site="m.dstv.com" site_id="0c2d6148-1fb0-46fd-957f-b47eb4689bfb" xmltv_id="118 Telemundo">118 Telemundo</channel>
    <channel update="i" site="m.dstv.com" site_id="d38465be-4ee2-4e47-a002-37dca48d7c21" xmltv_id="120 BBC Brit">120 BBC Brit</channel>
    <channel update="i" site="m.dstv.com" site_id="1ec7baa9-525d-49ed-9921-074caef44b02" xmltv_id="125 FOX">125 FOX</channel>
    <channel update="i" site="m.dstv.com" site_id="c84d4526-f10f-436b-af62-92fc0a4f1744" xmltv_id="126 FOX Life">126 FOX Life</channel>
    <channel update="i" site="m.dstv.com" site_id="cbc8e8f1-75c3-4c0d-8bee-61b78b03ce0b" xmltv_id="127 SONY">127 SONY</channel>
    <channel update="i" site="m.dstv.com" site_id="c4317471-61fd-4ef9-8a84-4ec4d6a08bcc" xmltv_id="128 SONY MAX">128 SONY MAX</channel>
    <channel update="i" site="m.dstv.com" site_id="229ec623-f220-40fa-a9e0-0c237ff00d3f" xmltv_id="129 BET">129 BET</channel>
    <channel update="i" site="m.dstv.com" site_id="843a8588-5902-478a-a933-c4db3bc5c715" xmltv_id="130 MTV">130 MTV</channel>
    <channel update="i" site="m.dstv.com" site_id="ad7d7c39-b3eb-4ce0-b303-d26ab84db6ab" xmltv_id="132 CBS Reality">132 CBS Reality</channel>
    <channel update="i" site="m.dstv.com" site_id="d24854f2-70a5-4719-953b-230f33cd3747" xmltv_id="135 TLC Entertainment">135 TLC Entertainment</channel>
    <channel update="i" site="m.dstv.com" site_id="b0c101c4-3139-48d8-885b-bf8a246b70c8" xmltv_id="136 Discovery Family">136 Discovery Family</channel>
    <channel update="i" site="m.dstv.com" site_id="70ddb17d-a032-4c85-8418-06ad107cc340" xmltv_id="137 TCM">137 TCM</channel>
    <channel update="i" site="m.dstv.com" site_id="a0e986c2-9734-480f-981b-1f7c18852728" xmltv_id="139 M-Net Movies Zone">139 M-Net Movies Zone</channel>
    <channel update="i" site="m.dstv.com" site_id="26f1066c-4498-47f4-be01-8dfe75a9d4f9" xmltv_id="141 EVA English">141 EVA English</channel>
    <channel update="i" site="m.dstv.com" site_id="5125cb0e-a0ee-4380-9697-8d4eb2c5c718" xmltv_id="145 kykNET &amp; Kie">145 kykNET &amp; Kie</channel>
    <channel update="i" site="m.dstv.com" site_id="dcfa84d3-5c6b-4448-9dd0-a5925c315478" xmltv_id="146 KykNET Nou!">146 KykNET Nou!</channel>
    <channel update="i" site="m.dstv.com" site_id="9d13e4d6-d45c-491b-afba-d59f9839e0aa" xmltv_id="147 VIA">147 VIA</channel>
    <channel update="i" site="m.dstv.com" site_id="9908da19-b506-44d5-92c6-64ab5ca05ae5" xmltv_id="152 AfricaMagic Epic">152 AfricaMagic Epic</channel>
    <channel update="i" site="m.dstv.com" site_id="abc333b6-5ec5-43f6-bf76-9aaa770ae991" xmltv_id="154 Africa Magic Family">154 Africa Magic Family</channel>
    <channel update="i" site="m.dstv.com" site_id="afbb1167-e8e8-496e-9a18-2447f926424c" xmltv_id="155 AfricaMagic World">155 AfricaMagic World</channel>
    <channel update="i" site="m.dstv.com" site_id="aaf361f5-876e-403c-a540-0f12829d740c" xmltv_id="156 SABC Encore">156 SABC Encore</channel>
    <channel update="i" site="m.dstv.com" site_id="eb295b07-50c5-472a-9540-7379c31bc78a" xmltv_id="161 Mzansi Magic">161 Mzansi Magic</channel>
    <channel update="i" site="m.dstv.com" site_id="93dd9f38-af95-47c7-a09e-e17f9c81fd9f" xmltv_id="162 M-Net Family">162 M-Net Family</channel>
    <channel update="i" site="m.dstv.com" site_id="2b892f4a-9151-4c02-b6e3-d6dd4eefa866" xmltv_id="163 Mzansi Wethu">163 Mzansi Wethu</channel>
    <channel update="i" site="m.dstv.com" site_id="456d08f5-13d0-4dfa-a9b5-a7aa084ee8cc" xmltv_id="164 Mzansi Bioskop">164 Mzansi Bioskop</channel>
    <channel update="i" site="m.dstv.com" site_id="98c826a2-e96c-4a6d-8b23-6be50e1b3bcc" xmltv_id="165 Ebony Life TV">165 Ebony Life TV</channel>
    <channel update="i" site="m.dstv.com" site_id="711825eb-72b1-4e8e-9c3f-362f6eb011b4" xmltv_id="166 Zee World">166 Zee World</channel>
    <channel update="i" site="m.dstv.com" site_id="5779979d-394d-4961-89f2-a8d29f4d0fd0" xmltv_id="167 Glow TV">167 Glow TV</channel>
    <channel update="i" site="m.dstv.com" site_id="1bf6867b-2a1f-4357-8c6b-c844a14be27f" xmltv_id="168 ROK">168 ROK</channel>
    <channel update="i" site="m.dstv.com" site_id="55b890b2-7389-448e-ba9b-9a9ad4b93608" xmltv_id="171 Discovery IDx">171 Discovery IDx</channel>
    <channel update="i" site="m.dstv.com" site_id="f0b01393-ae32-49cc-a02e-7d71b958d9ea" xmltv_id="174 BBC Lifestyle">174 BBC Lifestyle</channel>
    <channel update="i" site="m.dstv.com" site_id="1e7b4fdc-de40-42cb-b9b3-390daa829edc" xmltv_id="175 Food Network">175 Food Network</channel>
    <channel update="i" site="m.dstv.com" site_id="db9e760f-873c-46c7-820e-a2415dd90a40" xmltv_id="176 The Home Channel">176 The Home Channel</channel>
    <channel update="i" site="m.dstv.com" site_id="0d380be5-8f0e-495f-9113-f91317659e80" xmltv_id="178 Fashion One">178 Fashion One</channel>
    <channel update="i" site="m.dstv.com" site_id="ae741844-ec19-47d0-a8c6-a95a84221875" xmltv_id="179 Travel Channel">179 Travel Channel</channel>
    <channel update="i" site="m.dstv.com" site_id="486b8b7e-eb94-4b47-bfd3-30d1d9675a23" xmltv_id="180 People’s Weather">180 People’s Weather</channel>
    <channel update="i" site="m.dstv.com" site_id="6c949e76-9cf2-4110-bb28-c28b41124a15" xmltv_id="181 National Geographic">181 National Geographic</channel>
    <channel update="i" site="m.dstv.com" site_id="962b202c-d394-4459-a084-f31fcb43c478" xmltv_id="182 Nat Geo Wild">182 Nat Geo Wild</channel>
    <channel update="i" site="m.dstv.com" site_id="b92237a0-e3b9-4400-b7af-7e0386066277" xmltv_id="189 Ignition">189 Ignition</channel>
    <channel update="i" site="m.dstv.com" site_id="e712ce69-6367-4d8b-9d9c-1cf675722679" xmltv_id="191 SABC 1">191 SABC 1</channel>
    <channel update="i" site="m.dstv.com" site_id="03520214-d35a-4970-b08f-ad4ac87ffb05" xmltv_id="192 SABC 2">192 SABC 2</channel>
    <channel update="i" site="m.dstv.com" site_id="89553393-f65b-443a-bbae-6edc9fc7519d" xmltv_id="192 Spice TV">192 Spice TV</channel>
    <channel update="i" site="m.dstv.com" site_id="ecc41656-2e12-45bc-a1b0-e778cba7ce75" xmltv_id="193 SABC 3">193 SABC 3</channel>
    <channel update="i" site="m.dstv.com" site_id="ee54a0fd-d248-4b17-b2a3-170c593f1619" xmltv_id="194 e.tv HD">194 e.tv HD</channel>
    <channel update="i" site="m.dstv.com" site_id="3fda797c-54ea-434d-8bf1-8ce583c2a8b8" xmltv_id="197 DStv Explora Tutorials">197 DStv Explora Tutorials</channel>
    <channel update="i" site="m.dstv.com" site_id="48c468a0-76b3-486a-858c-1a5012609d54" xmltv_id="200 SuperSport Blitz">200 SuperSport Blitz</channel>
    <channel update="i" site="m.dstv.com" site_id="aa0bc873-0cfa-4739-b213-e64243cd22ef" xmltv_id="203 SuperSport 3">203 SuperSport 3</channel>
    <channel update="i" site="m.dstv.com" site_id="7cfb679a-8dfe-417e-95af-60e6fb0d490c" xmltv_id="204 SuperSport 4">204 SuperSport 4</channel>
    <channel update="i" site="m.dstv.com" site_id="38d6a4fc-eddb-4157-8a73-3f12224b4d3f" xmltv_id="209 SuperSport 9">209 SuperSport 9</channel>
    <channel update="i" site="m.dstv.com" site_id="cf9ae0a9-c81d-4e73-a10b-97a84ed8abee" xmltv_id="210 SuperSport Select">210 SuperSport Select</channel>
    <channel update="i" site="m.dstv.com" site_id="640f0eb0-412f-4962-a5d5-625de342dd3b" xmltv_id="239 TellyTrack">239 TellyTrack</channel>
    <channel update="i" site="m.dstv.com" site_id="de5ba9c7-ebc5-4ea2-8e81-d1be4fb402df" xmltv_id="251 Soweto TV">251 Soweto TV</channel>
    <channel update="i" site="m.dstv.com" site_id="a9d10da0-3343-4d17-8a84-55046e1470f4" xmltv_id="260 Bay TV">260 Bay TV</channel>
    <channel update="i" site="m.dstv.com" site_id="039f82d8-b1df-4c12-bea0-af289d4f1d00" xmltv_id="261 1 KZN">261 1 KZN</channel>
    <channel update="i" site="m.dstv.com" site_id="3d8a823e-b750-45cf-9e17-4523025a6886" xmltv_id="262 Tshwane TV">262 Tshwane TV</channel>
    <channel update="i" site="m.dstv.com" site_id="e4b0a7d0-4b09-42fb-a873-a46dfca85521" xmltv_id="263 Cape Town TV">263 Cape Town TV</channel>
    <channel update="i" site="m.dstv.com" site_id="e4c1a199-83a2-49de-a863-908df576b2c7" xmltv_id="265 GauTV">265 GauTV</channel>
    <channel update="i" site="m.dstv.com" site_id="2306dd3d-1bc1-4f3a-8cdb-8e4c6d5b8b4b" xmltv_id="292 Lesotho TV">292 Lesotho TV</channel>
    <channel update="i" site="m.dstv.com" site_id="370a209b-dab6-46d9-b8c0-5a9a3831f3a3" xmltv_id="301 Cartoon Network">301 Cartoon Network</channel>
    <channel update="i" site="m.dstv.com" site_id="383aa981-6bbd-4900-9ac0-f2c540d2eabb" xmltv_id="302 Boomerang">302 Boomerang</channel>
    <channel update="i" site="m.dstv.com" site_id="a1c1c31a-39ac-47c5-b4bb-2ac6a061720b" xmltv_id="304 Disney XD">304 Disney XD</channel>
    <channel update="i" site="m.dstv.com" site_id="20c971dd-68d0-46f0-bde3-2a0649f4d6b9" xmltv_id="308 NickTOONS">308 NickTOONS</channel>
    <channel update="i" site="m.dstv.com" site_id="0250edde-4d0c-42f1-8560-7ff5aabd5293" xmltv_id="309 Disney Junior">309 Disney Junior</channel>
    <channel update="i" site="m.dstv.com" site_id="9539a361-f278-4d51-b931-9d49a386556d" xmltv_id="310 JimJam">310 JimJam</channel>
    <channel update="i" site="m.dstv.com" site_id="d55129f0-5cfd-4638-8d7a-6c9ca404c906" xmltv_id="319 Mindset">319 Mindset</channel>
    <channel update="i" site="m.dstv.com" site_id="97a3c5ed-ad8d-44a9-8b60-082cbd91aeda" xmltv_id="320 Channel O">320 Channel O</channel>
    <channel update="i" site="m.dstv.com" site_id="072d8582-ffe0-4e4b-af0a-7ba008a0fd5f" xmltv_id="321 Mzansi Magic Music">321 Mzansi Magic Music</channel>
    <channel update="i" site="m.dstv.com" site_id="1eef36aa-5537-46b4-bf57-34b7b33c0c94" xmltv_id="322 MTV Base">322 MTV Base</channel>
    <channel update="i" site="m.dstv.com" site_id="38a564d0-7052-49a4-a217-e5bac466b029" xmltv_id="325 TRACE Urban">325 TRACE Urban</channel>
    <channel update="i" site="m.dstv.com" site_id="588bf8ca-ab71-4db5-8a9a-41b5d4c110d5" xmltv_id="326 TRACE Africa">326 TRACE Africa</channel>
    <channel update="i" site="m.dstv.com" site_id="9ec996d7-ee72-417b-a20b-a5fb0e7958f1" xmltv_id="327 SOUNDCITY">327 SOUNDCITY</channel>
    <channel update="i" site="m.dstv.com" site_id="7c2990bd-4117-4604-bc42-d4fed92517db" xmltv_id="331 One Gospel">331 One Gospel</channel>
    <channel update="i" site="m.dstv.com" site_id="d54727aa-c4a6-4d92-8217-80e0f303a336" xmltv_id="340 Dumisa">340 Dumisa</channel>
    <channel update="i" site="m.dstv.com" site_id="2b6c2c5d-1727-4577-8996-33bd9b00596b" xmltv_id="341 FAITH">341 FAITH</channel>
    <channel update="i" site="m.dstv.com" site_id="ef6c26fe-2f92-4787-855e-6ea889f2b15a" xmltv_id="343 TBN">343 TBN</channel>
    <channel update="i" site="m.dstv.com" site_id="3902032e-862d-4146-bb66-7dfd590aced1" xmltv_id="347 iTV">347 iTV</channel>
    <channel update="i" site="m.dstv.com" site_id="b621dbb5-a70c-4be9-9ce9-2b6d31fbdd72" xmltv_id="390 Emmanuel TV">390 Emmanuel TV</channel>
    <channel update="i" site="m.dstv.com" site_id="91a7da2c-2dc4-4d2e-82f6-219d23ad733f" xmltv_id="400 BBC World News">400 BBC World News</channel>
    <channel update="i" site="m.dstv.com" site_id="e28667e6-6adb-4fb9-b000-3f460daba414" xmltv_id="401 CNN International">401 CNN International</channel>
    <channel update="i" site="m.dstv.com" site_id="eb0777b1-b213-4549-9513-3ed93d0de4e8" xmltv_id="403 eNews Channel Africa">403 eNews Channel Africa</channel>
    <channel update="i" site="m.dstv.com" site_id="6b58880d-3f60-4a24-bace-0f37c0495218" xmltv_id="404 SABC News">404 SABC News</channel>
    <channel update="i" site="m.dstv.com" site_id="8eb7b434-7a27-43e1-890c-014933f4bb8c" xmltv_id="405 ANN7">405 ANN7</channel>
    <channel update="i" site="m.dstv.com" site_id="439b1abf-601f-41bd-9add-1a7c08f7426f" xmltv_id="406 Al Jazeera">406 Al Jazeera</channel>
    <channel update="i" site="m.dstv.com" site_id="73a5fca1-67ce-476d-ae56-73560b334194" xmltv_id="407 Russia Today">407 Russia Today</channel>
    <channel update="i" site="m.dstv.com" site_id="91b5cc83-4446-4460-9d43-100177e9a19d" xmltv_id="408 Parliamentary Service">408 Parliamentary Service</channel>
    <channel update="i" site="m.dstv.com" site_id="e578fb73-8f96-490c-8e95-e6976dffb329" xmltv_id="409 CCTV News">409 CCTV News</channel>
    <channel update="i" site="m.dstv.com" site_id="95483d17-e760-46e9-af59-05943a3f40d8" xmltv_id="410 CNBC Africa">410 CNBC Africa</channel>
    <channel update="i" site="m.dstv.com" site_id="c54c732c-61dd-468f-abdc-49af451dfc98" xmltv_id="412 Business Day TV">412 Business Day TV</channel>
    <channel update="i" site="m.dstv.com" site_id="f3bd787e-526d-4c29-a5c7-32268ea7f85f" xmltv_id="413 NDTV247">413 NDTV247</channel>
    <channel update="i" site="m.dstv.com" site_id="e0da9043-7410-405d-8694-4f800dc677ff" xmltv_id="447 CCTV 4">447 CCTV 4</channel>
    <channel update="i" site="m.dstv.com" site_id="591c31fa-5bbf-470e-913b-5145e561a3a9" xmltv_id="286 Swazi TV">286 Swazi TV</channel>
    <channel update="i" site="m.dstv.com" site_id="988771b3-4bc4-4f22-886d-8f29ac9d2bba" xmltv_id="122 Comedy Central">122 Comedy Central</channel>
    <channel update="i" site="m.dstv.com" site_id="f1713a44-62c0-44b5-9c56-d76929da7115" xmltv_id="123 ITV Choice">123 ITV Choice</channel>
    <channel update="i" site="m.dstv.com" site_id="ec61ce86-be5e-4e86-bfed-47ccee968295" xmltv_id="124 E! Entertainment Television">124 E! Entertainment Television</channel>
    <channel update="i" site="m.dstv.com" site_id="61d34969-2deb-4bc3-a1e9-97ff46c207a0" xmltv_id="131 Lifetime">131 Lifetime</channel>
    <channel update="i" site="m.dstv.com" site_id="abe5994d-189a-40be-b51d-b15369e4bde7" xmltv_id="144 kykNET">144 kykNET</channel>
    <channel update="i" site="m.dstv.com" site_id="a17405a4-7f2b-4366-8983-b93a0b47ee88" xmltv_id="153 Africa Magic Urban">153 Africa Magic Urban</channel>
    <channel update="i" site="m.dstv.com" site_id="0c517c3a-93b6-402f-9236-428b8e04ba3d" xmltv_id="170 Crime + Investigation">170 Crime + Investigation</channel>
    <channel update="i" site="m.dstv.com" site_id="cb0d5aba-2af9-43bd-a313-2f8a6267f642" xmltv_id="183 Animal Planet">183 Animal Planet</channel>
    <channel update="i" site="m.dstv.com" site_id="8f90ebcd-3b26-4ccf-b857-c6206f7d73f2" xmltv_id="186 HISTORY">186 HISTORY</channel>
    <channel update="i" site="m.dstv.com" site_id="ae126bbf-21cc-4df6-a924-047336639eea" xmltv_id="198 fliekNET">198 fliekNET</channel>
    <channel update="i" site="m.dstv.com" site_id="7c90544f-3d88-4f25-9601-c09cf3afec0b" xmltv_id="212 SuperSport 12">212 SuperSport 12</channel>
    <channel update="i" site="m.dstv.com" site_id="76fcac7a-065c-4620-a663-cc139dc12e5b" xmltv_id="305 Nickelodeon">305 Nickelodeon</channel>
    <channel update="i" site="m.dstv.com" site_id="5cdf8294-0c9e-4488-8c80-4287f01c49f6" xmltv_id="306 Cbeebies">306 Cbeebies</channel>
    <channel update="i" site="m.dstv.com" site_id="7f010a2c-2d0a-4fc8-b180-0b13c24a1aef" xmltv_id="323 VH1 Classic">323 VH1 Classic</channel>
    <channel update="i" site="m.dstv.com" site_id="55b62348-1fe6-4e2a-a9e5-a9296aa47456" xmltv_id="402 Sky News">402 Sky News</channel>
    <channel update="i" site="m.dstv.com" site_id="6c4ac6dd-5781-4913-b1c4-99e65e7e201c" xmltv_id="430 RAI Italia">430 RAI Italia</channel>
    <channel update="i" site="m.dstv.com" site_id="5cf53462-ba1d-4cd9-882e-1bcfb245935c" xmltv_id="431 BVN">431 BVN</channel>
    <channel update="i" site="m.dstv.com" site_id="1ee1e48c-5929-4abe-aa97-b066d7599fa4" xmltv_id="437 TV5 Monde Afrique">437 TV5 Monde Afrique</channel>
    <channel update="i" site="m.dstv.com" site_id="98facd64-2cf5-4fd2-a0f1-614f981ee1bf" xmltv_id="446 Deutsche Welle">446 Deutsche Welle</channel>
    <channel update="i" site="m.dstv.com" site_id="49e42819-92b6-4c95-b3b7-3732550df95b" xmltv_id="525 RTP Internacional">525 RTP Internacional</channel>
    <channel update="i" site="m.dstv.com" site_id="ec1f9b06-28f5-4221-bece-a2b29d8d895f" xmltv_id="450 SET Asia">450 SET Asia</channel>
    <channel update="i" site="m.dstv.com" site_id="22e8aa12-f780-4dea-ae36-35a9906da229" xmltv_id="451 B4U Movies">451 B4U Movies</channel>
    <channel update="i" site="m.dstv.com" site_id="9ef8761d-9a3e-42f2-b7d8-50486a4ef7aa" xmltv_id="452 Zee Television">452 Zee Television</channel>
    <channel update="i" site="m.dstv.com" site_id="7a53121b-975d-4633-bcc5-f5976d58dc56" xmltv_id="453 Star Plus">453 Star Plus</channel>
    <channel update="i" site="m.dstv.com" site_id="6d577319-0e41-423d-baad-18b1b59165c7" xmltv_id="454 Sun TV">454 Sun TV</channel>
    <channel update="i" site="m.dstv.com" site_id="6c1288e6-8678-4192-a7d4-71b0fac24e8c" xmltv_id="455 Star Vijay">455 Star Vijay</channel>
    <channel update="i" site="m.dstv.com" site_id="00d157aa-86b7-421f-a75f-b6b311fa8b45" xmltv_id="456 Colors">456 Colors</channel>
    <channel update="i" site="m.dstv.com" site_id="12953f10-6563-4fd7-bf90-53307cbad6af" xmltv_id="457 SET Max">457 SET Max</channel>
    <channel update="i" site="m.dstv.com" site_id="a2301f0d-e517-4b15-a3cc-0086b1689e26" xmltv_id="121 Discovery Channel">121 Discovery Channel</channel>
    <channel update="i" site="m.dstv.com" site_id="da656201-e143-4f5c-a9f4-fc9ef17d4cd2" xmltv_id="200 SuperSport Blitz Mobile">200 SuperSport Blitz Mobile</channel>
    <channel update="i" site="m.dstv.com" site_id="e6058f06-43f1-4ba2-beb5-caab09b63ef6" xmltv_id="201 SuperSport 1">201 SuperSport 1</channel>
    <channel update="i" site="m.dstv.com" site_id="b37baafc-ad00-4cd3-b1d7-4e9fb4366bad" xmltv_id="203 SuperSport 3 Mobile">203 SuperSport 3 Mobile</channel>
    <channel update="i" site="m.dstv.com" site_id="4e932bfe-13d8-4199-b5f6-c7114d8e9d4b" xmltv_id="320 Channel O Mobile">320 Channel O Mobile</channel>
    <channel update="i" site="m.dstv.com" site_id="400157ad-52fd-408d-ae02-e7d79880faf3" xmltv_id="807 M-Net Series Zone Mobile">807 M-Net Series Zone Mobile</channel>
    <channel update="i" site="m.dstv.com" site_id="56b8ce73-1498-431b-b3c1-89ac9c3bd793" xmltv_id="890 M-Net Mobile">890 M-Net Mobile</channel>
    <channel update="i" site="m.dstv.com" site_id="629f4785-2ae5-42cf-a576-b777ce3badda" xmltv_id="507 Telemundo">507 Telemundo</channel>
    <channel update="i" site="m.dstv.com" site_id="be5ab0d1-bc34-43b3-969f-40132f253c3e" xmltv_id="508 EVA Portuguese">508 EVA Portuguese</channel>
    <channel update="i" site="m.dstv.com" site_id="c96f88bf-9791-44b2-ae69-81d4e919b38b" xmltv_id="515 TV Record">515 TV Record</channel>
    <channel update="i" site="m.dstv.com" site_id="ac0de73a-fc7e-4619-b02b-171ca4b6e1f2" xmltv_id="517 SIC International">517 SIC International</channel>
    <channel update="i" site="m.dstv.com" site_id="eab73dde-155e-4515-a706-6d1324f9084b" xmltv_id="101 M-Net">101 M-Net</channel>
    <channel update="i" site="m.dstv.com" site_id="ce8fb703-6ba0-4143-872b-d3366dd7569e" xmltv_id="102 M-Net Edge">102 M-Net Edge</channel>
    <channel update="i" site="m.dstv.com" site_id="2a094aeb-1f47-44c5-abfe-056ad928db8c" xmltv_id="103 Vuzu AMP">103 Vuzu AMP</channel>
    <channel update="i" site="m.dstv.com" site_id="d7197942-ef3b-4533-a7ed-1d26f41b9d46" xmltv_id="104 M-Net Movies Premiere">104 M-Net Movies Premiere</channel>
    <channel update="i" site="m.dstv.com" site_id="85ddeeb9-6508-4270-a9b9-cfa247b7021e" xmltv_id="105 M-Net Movies Smile">105 M-Net Movies Smile</channel>
    <channel update="i" site="m.dstv.com" site_id="a4ec39ad-9b0f-44cb-bc4b-672d0a005405" xmltv_id="106 M-Net Movies Action+">106 M-Net Movies Action+</channel>
    <channel update="i" site="m.dstv.com" site_id="5b4d0937-f221-4ed0-8f3b-b17f6d681278" xmltv_id="107 M-Net Movies Showcase">107 M-Net Movies Showcase</channel>
    <channel update="i" site="m.dstv.com" site_id="85e9996c-29e8-45d2-a45b-a5e8a266fe92" xmltv_id="119 BBC First">119 BBC First</channel>
    <channel update="i" site="m.dstv.com" site_id="83f17af2-3e90-4971-9145-b7b5ef07377d" xmltv_id="184 BBC Earth">184 BBC Earth</channel>
    <channel update="i" site="m.dstv.com" site_id="0866e73b-6ece-42c9-8b87-68ad31db5847" xmltv_id="202 SuperSport 2">202 SuperSport 2</channel>
    <channel update="i" site="m.dstv.com" site_id="6c2aede7-c1f6-463c-b1fa-b5444818aa7d" xmltv_id="205 SuperSport 5">205 SuperSport 5</channel>
    <channel update="i" site="m.dstv.com" site_id="5a2132a3-4a89-4543-99e5-0088889f2c6b" xmltv_id="206 SuperSport 6">206 SuperSport 6</channel>
    <channel update="i" site="m.dstv.com" site_id="547fd877-9913-4688-8776-4607122fdf4b" xmltv_id="207 SuperSport 7">207 SuperSport 7</channel>
    <channel update="i" site="m.dstv.com" site_id="78b10706-18c3-4c7d-9a5e-2a02a0e2ea23" xmltv_id="208 SuperSport 8">208 SuperSport 8</channel>
    <channel update="i" site="m.dstv.com" site_id="753a357c-b07b-4fca-890b-a36ec1a13f9f" xmltv_id="221 SuperSport MáXimo 1 HD">221 SuperSport MáXimo 1 HD</channel>
    <channel update="i" site="m.dstv.com" site_id="4d4c722f-97ef-4e0b-8a34-327793d72b0c" xmltv_id="303 Disney Channel">303 Disney Channel</channel>
    <channel update="i" site="m.dstv.com" site_id="8a1d78a4-e2b2-4875-b1c9-3ec9fccee015" xmltv_id="307 Nick Jr">307 Nick Jr</channel>
    <channel update="i" site="m.dstv.com" site_id="02ac838d-2411-4a5e-82c0-16f102b921a0" xmltv_id="411 Bloomberg">411 Bloomberg</channel>
    <channel update="i" site="m.dstv.com" site_id="b9b44e86-b8fd-446b-bd04-49d5a0db8c75" xmltv_id="901 M-Net Plus 1">901 M-Net Plus 1</channel>
    <channel update="i" site="m.dstv.com" site_id="2c6d7070-c49b-4e49-a663-d8f219a31f91" xmltv_id="99 GO Channel">99 GO Channel</channel>
    <channel update="i" site="m.dstv.com" site_id="684503e3-e645-42a6-b8c5-173551df6990" xmltv_id="101 M-Net Terrestrial">101 M-Net Terrestrial</channel>
  </channels>
</site>
